{"count":1,"self":28.4353664,"total":28.938268599999997,"children":{"InitializeActuators":{"count":16,"self":0.0014219999999999999,"total":0.0014219999999999999,"children":null},"InitializeSensors":{"count":16,"self":0.0040276999999999995,"total":0.0040276999999999995,"children":null},"AgentSendState":{"count":636,"self":0.0718249,"total":0.1169099,"children":{"CollectObservations":{"count":977,"self":0.0341556,"total":0.0341556,"children":null},"WriteActionMask":{"count":977,"self":0.0021360999999999997,"total":0.0021360999999999997,"children":null},"RequestDecision":{"count":977,"self":0.0087933,"total":0.0087933,"children":null}}},"DecideAction":{"count":636,"self":0.31506219999999996,"total":0.3528975,"children":{"RayPerceptionSensor.Perceive":{"count":2931,"self":0.037835299999999995,"total":0.037835299999999995,"children":null}}},"AgentAct":{"count":636,"self":0.027644799999999997,"total":0.027644799999999997,"children":null}},"gauges":{"Tank.CumulativeReward":{"count":4,"max":1.13400006,"min":-0.132,"runningAverage":0.25975,"value":-0.065,"weightedAverage":0.220843777}},"metadata":{"timer_format_version":"0.1.0","start_time_seconds":"1769778969","unity_version":"6000.0.59f2","command_line_arguments":"C:\\Program Files\\Unity\\Hub\\Editor\\6000.0.59f2\\Editor\\Unity.exe -projectpath C:\\Users\\ulas_\\Desktop\\Unity-ML-Agents-Toolkit-Examples -acceptSoftwareTermsForThisRunOnly -useHub -hubIPC -cloudEnvironment production","communication_protocol_version":"1.5.0","com.unity.ml-agents_version":"4.0.1","scene_name":"Training Scene","end_time_seconds":"1769778998"}}