{"count":1,"self":302.3632384,"total":2056.6277477999997,"children":{"InitializeActuators":{"count":9453,"self":0.0850853,"total":0.0850853,"children":null},"InitializeSensors":{"count":9453,"self":0.1545745,"total":0.1545745,"children":null},"AgentSendState":{"count":355851,"self":104.4370816,"total":206.76760159999998,"children":{"UpdateModelSpacePoses":{"count":1880186,"self":1.7804338,"total":1.7804338,"children":null},"CollectObservations":{"count":1880186,"self":45.1559008,"total":45.1559002,"children":null},"WriteActionMask":{"count":1880186,"self":0.93382409999999993,"total":0.93382409999999993,"children":null},"RequestDecision":{"count":1880186,"self":2.4001872,"total":54.460363799999996,"children":{"AgentInfo.ToProto":{"count":1880186,"self":1.9366046,"total":52.0601766,"children":{"GenerateSensorData":{"count":1880186,"self":42.446383999999995,"total":50.123571999999996,"children":{"RayPerceptionSensor.Perceive":{"count":5640558,"self":7.6771872,"total":7.6771872,"children":null}}}}}}}}},"DecideAction":{"count":355851,"self":1518.9806079999998,"total":1518.9805597,"children":null},"AgentAct":{"count":355851,"self":27.7359616,"total":27.7359601,"children":null},"UpdateModelSpacePoses":{"count":13783,"self":0.0265024,"total":0.0265024,"children":null},"AgentInfo.ToProto":{"count":13783,"self":0.0504904,"total":0.51422099999999993,"children":{"GenerateSensorData":{"count":13783,"self":0.3915936,"total":0.4637306,"children":{"RayPerceptionSensor.Perceive":{"count":41349,"self":0.072136999999999993,"total":0.072136999999999993,"children":null}}}}}},"gauges":{"Tank.CumulativeReward":{"count":4370,"max":0.39300108,"min":-1.70400023,"runningAverage":-0.146612227,"value":-0.237000078,"weightedAverage":-0.051674474}},"metadata":{"timer_format_version":"0.1.0","start_time_seconds":"1769208574","unity_version":"6000.0.59f2","command_line_arguments":"C:\\Program Files\\Unity\\Hub\\Editor\\6000.0.59f2\\Editor\\Unity.exe -projectpath C:\\Users\\ulas_\\Desktop\\Unity-ML-Agents-Toolkit-Examples -acceptSoftwareTermsForThisRunOnly -useHub -hubIPC -cloudEnvironment production","communication_protocol_version":"1.5.0","com.unity.ml-agents_version":"4.0.1","scene_name":"Training Scene","end_time_seconds":"1769210631"}}